N,dim,pattern,selectivity,qualified,qualified_actual,inline_p50_ms,prefilter_p50_ms,inline_p90_ms,prefilter_p90_ms,latency_gain,recall,inline_qps,prefilter_qps,qps_gain,inline_cpu_pct,prefilter_cpu_pct,inline_main_cpu_pct,prefilter_main_cpu_pct,bottleneck,k,data
5000,768,numeric,0.001,5,5,2.0993909565731883,0.07605098653584719,2.153821988031268,0.07983297109603882,27.605045670033814,1.0,,,,,,,,,10,clustered
5000,768,numeric,0.002,10,10,1.935865031555295,0.0797399552538991,2.3564769653603435,0.08711300324648619,24.27722746258546,1.0,,,,,,,,,10,clustered
5000,768,numeric,0.004,20,20,1.3104890240356326,0.08474104106426239,1.544610015116632,0.09209592826664448,15.464632102428839,1.0,,,,,,,,,10,clustered
5000,768,numeric,0.005,25,25,,,,,,,3863.10123586131,12895.10564132096,3.3380190820823494,413.6911184782143,69.66321438414771,11.904780387862282,40.019293369616776,reader-bound,10,clustered
5000,768,numeric,0.007,35,35,0.986287952400744,0.0821469584479928,1.192932017147541,0.08445698767900467,12.006384302410446,1.0,,,,,,,,,10,clustered
5000,768,numeric,0.01,50,50,0.6820759736001492,0.08629995863884687,0.8229499217122793,0.10559603106230497,7.903549252607879,1.0,,,,,,,,,10,clustered
5000,768,numeric,0.02,100,100,0.36062300205230713,0.10093103628605604,0.4458909388631582,0.10455097071826458,3.5729644252362482,1.0,11840.354828504358,13063.268029699686,1.1032834926746704,415.48567474893395,88.16880876725025,37.008819009703146,39.89761737512442,reader-bound,10,clustered
5000,768,numeric,0.035,175,175,0.34258898813277483,0.11450692545622587,0.40781404823064804,0.1177110243588686,2.9918626036618283,1.0,,,,,,,,,10,clustered
5000,768,numeric,0.05,250,250,0.19941595382988453,0.12715195771306753,0.28959300834685564,0.13273907825350761,1.568327829288234,1.0,,,,,,,,,10,clustered
5000,768,numeric,0.07,350,350,0.18511503003537655,0.14471006579697132,0.2332809381186962,0.15234400052577257,1.2792132255339688,1.0,,,,,,,,,10,clustered
5000,768,numeric,0.1,500,500,0.1479840138927102,0.19580102525651455,0.18885999452322721,0.21096202544867992,0.755787737571035,1.0,12039.473539301975,12623.894112681683,1.0485420372802772,148.30699960425184,208.08074820528356,36.46085704556358,38.460422654057155,client-bound,10,clustered
5000,768,tag,0.001,5,5,2.50703701749444,0.08001504465937614,2.566526993177831,0.08896796498447657,31.332070464584387,1.0,,,,,,,,,10,clustered
5000,768,tag,0.002,10,10,2.3367200046777725,0.0852800440043211,2.492995001375675,0.09137601591646671,27.400548768002185,1.0,,,,,,,,,10,clustered
5000,768,tag,0.004,20,20,1.48969201836735,0.09508896619081497,1.658951980061829,0.09854603558778763,15.6662973428272,1.0,,,,,,,,,10,clustered
5000,768,tag,0.005,25,25,,,,,,,3203.1603022583427,13032.343381569173,4.068589190613066,412.79884936166997,90.28995376796998,9.923049263501682,40.45779349165867,reader-bound,10,clustered
5000,768,tag,0.007,35,35,1.0609229793772101,0.10453700087964535,1.3307309709489346,0.11829903814941645,10.148779575173226,1.0,,,,,,,,,10,clustered
5000,768,tag,0.01,50,50,0.7612489862367511,0.11190306395292282,0.9443300077691674,0.12601097114384174,6.8027537347592695,1.0,,,,,,,,,10,clustered
5000,768,tag,0.02,100,100,0.38488698191940784,0.13723294250667095,0.4638120299205184,0.14147500041872263,2.80462529542204,1.0,11330.043344235855,12955.686611258376,1.1434807632796538,438.70371484105266,144.32424063184186,33.670262538590954,38.91336180858534,reader-bound,10,clustered
5000,768,tag,0.035,175,175,0.3421290311962366,0.16653898637741804,0.4395929863676429,0.17333496361970901,2.0543479856475684,1.0,,,,,,,,,10,clustered
5000,768,tag,0.05,250,250,0.2190780360251665,0.1979609951376915,0.32482692040503025,0.20505592692643404,1.1066727355698889,1.0,,,,,,,,,10,clustered
5000,768,tag,0.07,350,350,0.1961759990081191,0.23497792426496744,0.23882603272795677,0.24554796982556581,0.8348699122344181,1.0,,,,,,,,,10,clustered
5000,768,tag,0.1,500,500,0.15034200623631477,0.297019025310874,0.19025802612304688,0.3067529760301113,0.5061696168417488,1.0,12263.119971448208,12088.763959972812,0.9857820838513084,166.1442241046091,357.03334734723626,38.45474623192733,37.036654289132386,reader-bound,10,clustered
5000,768,text,0.001,5,5,3.467889968305826,0.07897301111370325,3.786858986131847,0.08694897405803204,43.91234320941429,1.0,,,,,,,,,10,clustered
5000,768,text,0.002,10,10,3.1110040144994855,0.08456199429929256,3.3471849747002125,0.08816493209451437,36.789624467566654,1.0,,,,,,,,,10,clustered
5000,768,text,0.004,20,20,1.9065210362896323,0.08870894089341164,2.155769965611398,0.09254494216293097,21.491870121416685,1.0,,,,,,,,,10,clustered
5000,768,text,0.005,25,25,,,,,,,2084.847309606692,13063.913418352435,6.266124793962467,408.1420874896069,77.37708555028227,7.438798678425399,40.90635732913012,reader-bound,10,clustered
5000,768,text,0.007,35,35,1.3499950291588902,0.0923799816519022,1.6605471028015018,0.09615696035325527,14.613501810877361,1.0,,,,,,,,,10,clustered
5000,768,text,0.01,50,50,0.9892770322039723,0.1005479134619236,1.1685480130836368,0.10411604307591915,9.838861873335649,1.0,,,,,,,,,10,clustered
5000,768,text,0.02,100,100,0.47775194980204105,0.11676899157464504,0.6275770720094442,0.12322899419814348,4.091428241003831,1.0,7855.003944572953,13045.564490388146,1.6607966822730074,428.1386911300591,112.92512826682612,24.337350191847907,40.436072130479225,reader-bound,10,clustered
5000,768,text,0.035,175,175,0.4422019701451063,0.14106195885688066,0.5442550173029304,0.15587196685373783,3.1348066745178107,1.0,,,,,,,,,10,clustered
5000,768,text,0.05,250,250,0.25372602976858616,0.16098201740533113,0.379638047888875,0.16568507999181747,1.5761141142226962,1.0,,,,,,,,,10,clustered
5000,768,text,0.07,350,350,0.23441191297024488,0.20529702305793762,0.2864269772544503,0.21349801681935787,1.1418183735868914,1.0,,,,,,,,,10,clustered
5000,768,text,0.1,500,500,0.17173797823488712,0.2753200242295861,0.2230439567938447,0.29164599254727364,0.6237758358312392,1.0,12368.313283996145,12151.783431641943,0.9824931785456649,201.61699707820637,356.6364692947889,39.53274452513851,38.96857686623558,reader-bound,10,clustered
5000,768,text OR text,0.001,5,5,4.079606966115534,0.08215208072215319,4.229958984069526,0.09847700130194426,49.65920437138027,1.0,,,,,,,,,10,clustered
5000,768,text OR text,0.002,10,10,3.748520975932479,0.08832092862576246,3.9982940070331097,0.09054399561136961,42.44204668426762,1.0,,,,,,,,,10,clustered
5000,768,text OR text,0.004,20,20,2.2693700157105923,0.09271595627069473,2.5853089755401015,0.09730097372084856,24.476585336453947,1.0,,,,,,,,,10,clustered
5000,768,text OR text,0.005,25,25,,,,,,,1482.7374914908034,13023.404924939645,8.783351739386717,405.192527704694,84.0092144357494,5.442146281748028,43.48712276674087,reader-bound,10,clustered
5000,768,text OR text,0.007,35,35,1.57009600661695,0.09677803609520197,1.9227060256525874,0.10257307440042496,16.22368121907768,1.0,,,,,,,,,10,clustered
5000,768,text OR text,0.01,50,50,1.1401509400457144,0.10117609053850174,1.3722010189667344,0.11283194180577993,11.268976039470898,1.0,,,,,,,,,10,clustered
5000,768,text OR text,0.02,100,100,0.5468809977173805,0.11876900680363178,0.676276977173984,0.12642494402825832,4.604576668908018,1.0,6252.4256144916235,13072.721755078594,2.0908240355197765,423.641024656922,119.65314650209417,20.83480449132404,41.853981286740755,reader-bound,10,clustered
5000,768,text OR text,0.035,175,175,0.5113279912620783,0.14436698984354734,0.6372020579874516,0.15456299297511578,3.5418622485390325,1.0,,,,,,,,,10,clustered
5000,768,text OR text,0.05,250,250,0.2907420275732875,0.17329805996268988,0.41993800550699234,0.18255598843097687,1.6776992635456083,1.0,,,,,,,,,10,clustered
5000,768,text OR text,0.07,350,350,0.2551740035414696,0.20985992159694433,0.3170459531247616,0.22624898701906204,1.2159253734572302,1.0,,,,,,,,,10,clustered
5000,768,text OR text,0.1,500,500,0.20005996339023113,0.3108719829469919,0.28797402046620846,0.3458979772403836,0.6435445275373824,1.0,11950.045801908042,12361.385313852237,1.0344215845497862,220.6207861165081,375.57448891450287,39.48470445038177,43.923954682510846,reader-bound,10,clustered
5000,768,text AND text,0.001,5,5,0.13227493036538363,0.07744599133729935,0.15224795788526535,0.08835992775857449,1.7079635508736486,0.1,,,,,,,,,10,clustered
5000,768,text AND text,0.002,10,10,0.12101302854716778,0.08864596020430326,0.132234999909997,0.09250605944544077,1.3651273929265113,0.1,,,,,,,,,10,clustered
5000,768,text AND text,0.004,20,20,0.12031791266053915,0.08797494228929281,0.13683701399713755,0.09075494017452002,1.3676384380553632,0.1,,,,,,,,,10,clustered
5000,768,text AND text,0.005,25,25,,,,,,,12513.613556773651,13027.678501283528,1.041080455471762,104.97005700979787,80.27488737418119,40.90382503198696,42.35362155938394,client-bound,10,clustered
5000,768,text AND text,0.007,35,35,0.13910396955907345,0.09225704707205296,0.15355402138084173,0.09513203985989094,1.5077869276526155,0.1,,,,,,,,,10,clustered
5000,768,text AND text,0.01,50,50,0.11901697143912315,0.09670504368841648,0.14005799312144518,0.10270602069795132,1.230721448434434,0.1,,,,,,,,,10,clustered
5000,768,text AND text,0.02,100,100,0.11461297981441021,0.10757101699709892,0.13179099187254906,0.11142401490360498,1.065463384226452,0.11000000000000001,12407.373085286343,12900.967957320025,1.039782383316822,103.64566402442945,106.15653633451907,40.47116404763435,41.77456290941722,client-bound,10,clustered
5000,768,text AND text,0.035,175,175,0.13790500815957785,0.12950901873409748,0.15079102013260126,0.13478996697813272,1.064829380282146,0.11000000000000001,,,,,,,,,10,clustered
5000,768,text AND text,0.05,250,250,0.13062497600913048,0.15807501040399075,0.14701904729008675,0.1765060005709529,0.8263480462553412,0.11000000000000001,,,,,,,,,10,clustered
5000,768,text AND text,0.07,350,350,0.131158041767776,0.18041091971099377,0.1523350365459919,0.19146606791764498,0.7269961373617652,0.15,,,,,,,,,10,clustered
5000,768,text AND text,0.1,500,500,0.12702005915343761,0.23476197384297848,0.14169909991323948,0.24476402904838324,0.5410589162893796,0.19,12418.639549053176,12166.669131254572,0.9797103042725952,103.90312640668623,265.8520345922174,40.87184593248794,41.84707951914533,client-bound,10,clustered
5000,768,num AND tag,0.001,5,5,2.259884960949421,0.0794270308688283,2.3398209596052766,0.08527992758899927,28.452340925113553,1.0,,,,,,,,,10,clustered
5000,768,num AND tag,0.002,10,10,2.0702729234471917,0.09565404616296291,2.290212083607912,0.09897805284708738,21.643338745128776,1.0,,,,,,,,,10,clustered
5000,768,num AND tag,0.004,20,20,1.3774089748039842,0.0994889996945858,1.544396043755114,0.10552303865551949,13.844836906918292,1.0,,,,,,,,,10,clustered
5000,768,num AND tag,0.005,25,25,,,,,,,3523.2274584445768,12946.783325850553,3.674694148633326,415.8986632168694,93.65653272079211,11.414879778028633,40.91311692539866,reader-bound,10,clustered
5000,768,num AND tag,0.007,35,35,0.993169960565865,0.10325107723474503,1.1716949520632625,0.10868895333260298,9.618979163847923,1.0,,,,,,,,,10,clustered
5000,768,num AND tag,0.01,50,50,0.7091829320415854,0.11689402163028717,0.8496170630678535,0.13859698083251715,6.066887956721959,1.0,,,,,,,,,10,clustered
5000,768,num AND tag,0.02,100,100,0.3880830481648445,0.14632404781877995,0.4755699774250388,0.154174049384892,2.6522164603147074,1.0,11733.473804024392,12851.824268464534,1.095312818958744,439.33735612977154,152.21793472174252,41.06418981843585,40.88701806441628,reader-bound,10,clustered
5000,768,num AND tag,0.035,175,175,0.36529393400996923,0.1856170129030943,0.447490019723773,0.19600300583988428,1.9679981284941779,1.0,,,,,,,,,10,clustered
5000,768,num AND tag,0.05,250,250,0.2511939965188503,0.23186998441815376,0.33481407444924116,0.24490104988217354,1.083339860263447,1.0,,,,,,,,,10,clustered
5000,768,num AND tag,0.07,350,350,0.21387997549027205,0.2788109704852104,0.26981800328940153,0.30894798692315817,0.7671146336819532,1.0,,,,,,,,,10,clustered
5000,768,num AND tag,0.1,500,500,0.1799209276214242,0.3532269038259983,0.21383201237767935,0.376654090359807,0.5093636007693636,1.0,12433.560624545733,12129.708281220308,0.9755619204746889,171.33149042391364,378.6379406640316,40.255536431979706,38.405408805974595,reader-bound,10,clustered
5000,768,num AND tag AND text,0.001,5,5,2.2035320289433002,0.08068897295743227,2.2620499366894364,0.08952792268246412,27.308961165062552,1.0,,,,,,,,,10,clustered
5000,768,num AND tag AND text,0.002,10,10,2.0556889940053225,0.093068927526474,2.1314460318535566,0.10017002932727337,22.087812212304367,1.0,,,,,,,,,10,clustered
5000,768,num AND tag AND text,0.004,20,20,1.3139090733602643,0.10129297152161598,1.5032660448923707,0.10561197996139526,12.971374554648891,1.0,,,,,,,,,10,clustered
5000,768,num AND tag AND text,0.005,25,25,,,,,,,3654.7450328521704,12852.914012386884,3.516774466304273,414.3533065080193,98.66743954544108,12.902019124800601,42.42699900453967,reader-bound,10,clustered
5000,768,num AND tag AND text,0.007,35,35,1.038611982949078,0.10840909089893103,1.2428140034899116,0.11753907892853022,9.580487893929192,1.0,,,,,,,,,10,clustered
5000,768,num AND tag AND text,0.01,50,50,0.7427070522680879,0.11991499923169613,0.8624179754406214,0.12575008440762758,6.193612617492928,1.0,,,,,,,,,10,clustered
5000,768,num AND tag AND text,0.02,100,100,0.3755480283871293,0.15013094525784254,0.49161596689373255,0.15886093024164438,2.5014698185117266,1.0,11735.076897590669,12772.290166875518,1.088385724127449,435.09027469474574,162.2426048224728,38.070399035790246,42.90305963390618,reader-bound,10,clustered
5000,768,num AND tag AND text,0.035,175,175,0.32657606061547995,0.18459290731698275,0.41136599611490965,0.19736704416573048,1.7691690615971711,1.0,,,,,,,,,10,clustered
5000,768,num AND tag AND text,0.05,250,250,0.21941098384559155,0.22106897085905075,0.30448799952864647,0.2363240346312523,0.9925001369164725,1.0,,,,,,,,,10,clustered
5000,768,num AND tag AND text,0.07,350,350,0.20109605975449085,0.2670119283720851,0.2539120614528656,0.2808159915730357,0.7531351163992214,1.0,,,,,,,,,10,clustered
5000,768,num AND tag AND text,0.1,500,500,0.17774698790162802,0.35965407732874155,0.21568697411566973,0.38771098479628563,0.4942165238937595,1.0,12334.83034358873,12036.837190530898,0.9758413253561513,171.11846356795624,395.111326514845,40.930352957176844,39.955077962175345,reader-bound,10,clustered
5000,768,num AND NOT tag,0.001,5,5,2.2283559665083885,0.07889105472713709,2.341795014217496,0.0806640600785613,28.24599029909882,1.0,,,,,,,,,10,clustered
5000,768,num AND NOT tag,0.002,10,10,2.0778049947693944,0.09075994603335857,2.16977100353688,0.09878899436444044,22.89341373126977,1.0,,,,,,,,,10,clustered
5000,768,num AND NOT tag,0.004,20,20,1.3527589617297053,0.09682995732873678,1.5634590527042747,0.10380393359810114,13.970459133190584,1.0,,,,,,,,,10,clustered
5000,768,num AND NOT tag,0.005,25,25,,,,,,,3572.4411300612983,12961.35717205721,3.628151367699322,413.980256005436,96.17445390225099,12.40948009608621,40.4425908717158,reader-bound,10,clustered
5000,768,num AND NOT tag,0.007,35,35,0.988984014838934,0.10856904555112123,1.251429901458323,0.11827994603663683,9.10926323261502,1.0,,,,,,,,,10,clustered
5000,768,num AND NOT tag,0.01,50,50,0.7374199340119958,0.12030696962028742,0.8604199392721057,0.13224792201071978,6.1294863991624,1.0,,,,,,,,,10,clustered
5000,768,num AND NOT tag,0.02,100,100,0.4008789546787739,0.1526189735159278,0.49300200771540403,0.16127899289131165,2.626665252973523,1.0,11794.892101975704,12830.215549050441,1.0877772715615868,438.91648940009327,156.1426921009583,37.56492476847645,40.26320991282572,reader-bound,10,clustered
5000,768,num AND NOT tag,0.035,175,175,0.3541859332472086,0.19002403132617474,0.4390920512378216,0.21425297018140554,1.8639007433709858,1.0,,,,,,,,,10,clustered
5000,768,num AND NOT tag,0.05,250,250,0.24084094911813736,0.21229695994406939,0.3175439778715372,0.22921699564903975,1.134453122558081,1.0,,,,,,,,,10,clustered
5000,768,num AND NOT tag,0.07,350,350,0.18929503858089447,0.25119807105511427,0.2397389616817236,0.2666889922693372,0.753568838270904,1.0,,,,,,,,,10,clustered
5000,768,num AND NOT tag,0.1,500,500,0.15145097859203815,0.3165489761158824,0.19306293688714504,0.33607392106205225,0.47844406401300416,1.0,12259.855232343883,12033.60122033045,0.9815451318367504,171.04717238726982,380.43326421477406,39.8127039177266,39.86428771202677,reader-bound,10,clustered
20000,768,numeric,0.001,20,20,6.092480034567416,0.085487961769104,7.4464979115873575,0.09233597666025162,71.26711069592122,1.0,,,,,,,,,10,clustered
20000,768,numeric,0.002,40,40,3.407873911783099,0.08594698738306761,4.686907981522381,0.08971698116511106,39.65088266089107,1.0,,,,,,,,,10,clustered
20000,768,numeric,0.004,80,80,1.998372026719153,0.09330105967819691,2.5833729887381196,0.09887991473078728,21.418535155031506,1.0,,,,,,,,,10,clustered
20000,768,numeric,0.005,100,100,,,,,,,2868.802983283477,13011.24781014335,4.535427453875337,411.2463553764486,88.68617865138606,9.921504351663417,39.90878039312373,reader-bound,10,clustered
20000,768,numeric,0.007,140,140,1.1959270341321826,0.10592502076178789,1.8969191005453467,0.11650100350379944,11.290316730941907,0.99,,,,,,,,,10,clustered
20000,768,numeric,0.01,200,200,0.9224729146808386,0.11720799375325441,1.1417069472372532,0.12964103370904922,7.8703924974846275,1.0,,,,,,,,,10,clustered
20000,768,numeric,0.02,400,400,0.529992044903338,0.173117034137249,0.6588289979845285,0.1986270071938634,3.0614667559701534,1.0,9476.157802943799,12459.198559749084,1.3147943310820123,432.8756089147578,172.17670848944525,28.759204257796046,38.862742773331924,reader-bound,10,clustered
20000,768,numeric,0.035,700,700,0.5470969481393695,0.3088110825046897,0.7625650614500046,0.3335310611873865,1.7716234265363877,1.0,,,,,,,,,10,clustered
20000,768,numeric,0.05,1000,1000,0.34629006404429674,0.41007797699421644,0.4977660719305277,0.44853799045085907,0.844449308354788,1.0,,,,,,,,,10,clustered
20000,768,numeric,0.07,1400,1400,0.2717510797083378,0.5334910238161683,0.3831899957731366,0.5660200258716941,0.5093826654560142,1.0,,,,,,,,,10,clustered
20000,768,numeric,0.1,2000,2000,0.20929495804011822,0.7193769561126828,0.31517003662884235,0.7783441105857491,0.2909392026832374,1.0,12249.781833949693,6590.66362654549,0.5380229391742942,190.41622857218837,429.6209785915239,38.47789074774791,24.308808257488067,reader-bound,10,clustered
20000,768,tag,0.001,20,20,8.05675401352346,0.09679002687335014,9.575951029546559,0.10141998063772917,83.23950590555917,1.0,,,,,,,,,10,clustered
20000,768,tag,0.002,40,40,4.029912990517914,0.11367909610271454,5.602883989922702,0.11739309411495924,35.449903532630955,1.0,,,,,,,,,10,clustered
20000,768,tag,0.004,80,80,2.2296890383586287,0.14498992823064327,2.991238026879728,0.1490541035309434,15.378233961270348,1.0,,,,,,,,,10,clustered
20000,768,tag,0.005,100,100,,,,,,,2500.9998965951036,12839.936796152893,5.133921362265294,411.6259992413119,172.79213621399234,8.926828899209175,39.00165360258684,reader-bound,10,clustered
20000,768,tag,0.007,140,140,1.455075922422111,0.17383298836648464,2.0570909837260842,0.18216401804238558,8.370539654731338,0.99,,,,,,,,,10,clustered
20000,768,tag,0.01,200,200,0.9570930851623416,0.2064850414171815,1.2176649179309607,0.217761960811913,4.635169107618962,1.0,,,,,,,,,10,clustered
20000,768,tag,0.02,400,400,0.5917480448260903,0.31900894828140736,0.7329089567065239,0.3390529891476035,1.8549575114240735,1.0,8255.781795048482,11010.237342480768,1.3336395771850835,429.47144892452116,439.5363740397387,25.81793681395965,34.23025937781261,reader-bound,10,clustered
20000,768,tag,0.035,700,700,0.5681579932570457,0.5770249990746379,0.7734899409115314,0.6149400724098086,0.9846332380194758,1.0,,,,,,,,,10,clustered
20000,768,tag,0.05,1000,1000,0.384337967261672,0.7561040110886097,0.5364849930629134,0.7888620020821691,0.5083136203818267,1.0,,,,,,,,,10,clustered
20000,768,tag,0.07,1400,1400,0.2900509862229228,1.0174100752919912,0.4244729643687606,1.1312050046399236,0.2850875898193555,1.0,,,,,,,,,10,clustered
20000,768,tag,0.1,2000,2000,0.22718601394444704,1.317834947258234,0.35766197834163904,1.3896689051762223,0.17239337476753772,1.0,11911.504290354775,2961.452856205282,0.24862123070410927,203.84636208236006,410.73416498123504,37.82209609720898,9.9211150961651,reader-bound,10,clustered
20000,768,text,0.001,20,20,9.195841965265572,0.09556009899824858,10.95672301016748,0.11703697964549065,96.23097989291654,1.0,,,,,,,,,10,clustered
20000,768,text,0.002,40,40,5.610496038571,0.0991669949144125,7.42407504003495,0.10444002691656351,56.57624337021828,1.0,,,,,,,,,10,clustered
20000,768,text,0.004,80,80,2.805490978062153,0.1100669614970684,3.806549939326942,0.11475605424493551,25.48894727267343,1.0,,,,,,,,,10,clustered
20000,768,text,0.005,100,100,,,,,,,1849.3635549037945,12910.865641023052,6.981248011938186,407.4448786199194,111.44084462709426,7.435125522261302,39.94118767608247,reader-bound,10,clustered
20000,768,text,0.007,140,140,1.7583820736035705,0.1315179979428649,2.4778780061751604,0.13963307719677687,13.369896904661376,0.99,,,,,,,,,10,clustered
20000,768,text,0.01,200,200,1.227856962941587,0.15737907961010933,1.5596479643136263,0.16812793910503387,7.80190712757679,1.0,,,,,,,,,10,clustered
20000,768,text,0.02,400,400,0.7272140355780721,0.2582051092758775,0.9380289120599627,0.30409195460379124,2.816420006627697,1.0,6391.197594869022,12051.779438851472,1.8856840615484765,423.1002603596276,313.35316312127617,20.857055088150656,39.415492216512725,reader-bound,10,clustered
20000,768,text,0.035,700,700,0.6682969396933913,0.47331408131867647,0.9069049265235662,0.5208799848333001,1.411952371734817,1.0,,,,,,,,,10,clustered
20000,768,text,0.05,1000,1000,0.43853605166077614,0.5944359581917524,0.6326750153675675,0.6409080233424902,0.7377347309116077,1.0,,,,,,,,,10,clustered
20000,768,text,0.07,1400,1400,0.32060290686786175,0.8090840419754386,0.4834249848499894,0.8297059684991837,0.3962541469549764,1.0,,,,,,,,,10,clustered
20000,768,text,0.1,2000,2000,0.2309629926458001,1.0962040396407247,0.3757220692932606,1.117546926252544,0.21069343324213352,1.0,11930.519760711073,3139.938407790727,0.2631853825959032,242.3840988673183,412.90165248646827,37.44144616649632,11.910624590955814,reader-bound,10,clustered
20000,768,text OR text,0.001,20,20,10.872801998630166,0.09595800656825304,13.218109030276537,0.10209402535110712,113.30791861434258,1.0,,,,,,,,,10,clustered
20000,768,text OR text,0.002,40,40,6.202815915457904,0.11056696530431509,8.454740978777409,0.12645695824176073,56.10008286277735,1.0,,,,,,,,,10,clustered
20000,768,text OR text,0.004,80,80,3.3765259431675076,0.11479202657938004,4.645240027457476,0.12152502313256264,29.41428985777684,1.0,,,,,,,,,10,clustered
20000,768,text OR text,0.005,100,100,,,,,,,1472.339110609072,12884.953450003732,8.751349031727841,406.3161041378313,122.78428660738345,5.938846832708862,40.928095535794476,reader-bound,10,clustered
20000,768,text OR text,0.007,140,140,1.9933120347559452,0.14905794523656368,2.782849012874067,0.1561540411785245,13.37273254097554,0.99,,,,,,,,,10,clustered
20000,768,text OR text,0.01,200,200,1.348154037259519,0.16860896721482277,1.8086599884554744,0.18480897415429354,7.995743402792162,1.0,,,,,,,,,10,clustered
20000,768,text OR text,0.02,400,400,0.7781670428812504,0.26537501253187656,0.9396109962835908,0.3241619560867548,2.9323297452045445,1.0,5408.473186324971,12129.632928656067,2.242709265773043,421.14956756763286,339.3594182796703,18.353985865727225,40.94016237966953,reader-bound,10,clustered
20000,768,text OR text,0.035,700,700,0.7228240137919784,0.45690196566283703,0.9721609530970454,0.4823029739782214,1.5820111711346279,1.0,,,,,,,,,10,clustered
20000,768,text OR text,0.05,1000,1000,0.45236293226480484,0.6147680105641484,0.6494440604001284,0.643018982373178,0.735827051003661,1.0,,,,,,,,,10,clustered
20000,768,text OR text,0.07,1400,1400,0.3449370851740241,0.8250020910054445,0.5322620272636414,0.8626580238342285,0.4181044980790815,1.0,,,,,,,,,10,clustered
20000,768,text OR text,0.1,2000,2000,0.26377697940915823,1.1452839244157076,0.4158089868724346,1.1869759764522314,0.23031579662111298,1.0,11816.324014735499,3018.2966249001215,0.25543448378160305,274.958953762279,411.90170974467304,39.49141167142248,10.917876643834704,reader-bound,10,clustered
20000,768,text AND text,0.001,20,20,0.15080696903169155,0.08891290053725243,0.21323398686945438,0.09238999336957932,1.6961202268787414,0.1,,,,,,,,,10,clustered
20000,768,text AND text,0.002,40,40,0.13910001143813133,0.0924910418689251,0.19869604147970676,0.09797990787774324,1.5039295549860792,0.1,,,,,,,,,10,clustered
20000,768,text AND text,0.004,80,80,0.1390579855069518,0.10365701746195555,0.17983093857765198,0.10822899639606476,1.3415202261437746,0.1,,,,,,,,,10,clustered
20000,768,text AND text,0.005,100,100,,,,,,,12211.920840211576,12885.09310457668,1.0551241916135317,115.91410442886018,106.51690116684766,39.95337216484118,40.93010554096461,client-bound,10,clustered
20000,768,text AND text,0.007,140,140,0.15730108134448528,0.12311898171901703,0.21734600886702538,0.12568896636366844,1.2776346843371307,0.12000000000000002,,,,,,,,,10,clustered
20000,768,text AND text,0.01,200,200,0.15232106670737267,0.14815502800047398,0.21589093375951052,0.16343605238944292,1.0281194554320854,0.12000000000000002,,,,,,,,,10,clustered
20000,768,text AND text,0.02,400,400,0.14068896416574717,0.1998799853026867,0.1906030811369419,0.20734395366162062,0.7038671928692407,0.12000000000000002,12482.7217073903,12327.860539603578,0.9875939581593782,118.40113080451285,218.8727638989119,41.26844393186339,41.40836073763198,client-bound,10,clustered
20000,768,text AND text,0.035,700,700,0.17349305562675,0.34402008168399334,0.23390701971948147,0.35758200101554394,0.5043108378368318,0.12000000000000002,,,,,,,,,10,clustered
20000,768,text AND text,0.05,1000,1000,0.1454399898648262,0.46774803195148706,0.19096501637250185,0.487881014123559,0.3109366152927195,0.15,,,,,,,,,10,clustered
20000,768,text AND text,0.07,1400,1400,0.1381071051582694,0.6147479871287942,0.17793499864637852,0.6655430188402534,0.22465645768651368,0.2,,,,,,,,,10,clustered
20000,768,text AND text,0.1,2000,2000,0.13941503129899502,0.8378430502489209,0.1917890040203929,0.8841799572110176,0.16639755054073097,0.23000000000000004,12325.411843225647,5525.535868204915,0.448304360007401,117.23475416384397,421.41393748706184,40.39180605645045,18.86187234924423,reader-bound,10,clustered
20000,768,num AND tag,0.001,20,20,6.279575056396425,0.09945791680365801,7.319480995647609,0.10447506792843342,63.13801111271079,1.0,,,,,,,,,10,clustered
20000,768,num AND tag,0.002,40,40,3.6477980902418494,0.11371599975973368,4.898881074041128,0.11874199844896793,32.07814289940859,1.0,,,,,,,,,10,clustered
20000,768,num AND tag,0.004,80,80,2.1102660102769732,0.1415159786120057,2.7012339560315013,0.14929496683180332,14.911856816272943,1.0,,,,,,,,,10,clustered
20000,768,num AND tag,0.005,100,100,,,,,,,2804.6993968174443,12790.485382293753,4.560376558289065,410.66155624488835,181.6563861172514,10.415329325051516,40.47778168917014,reader-bound,10,clustered
20000,768,num AND tag,0.007,140,140,1.3215839862823486,0.1906419638544321,1.9942950457334518,0.19957695621997118,6.932282691398765,0.99,,,,,,,,,10,clustered
20000,768,num AND tag,0.01,200,200,0.9670800063759089,0.22522604558616877,1.1482690460979939,0.23110699839890003,4.293819588489448,1.0,,,,,,,,,10,clustered
20000,768,num AND tag,0.02,400,400,0.5572549998760223,0.343831954523921,0.7568199653178453,0.4182029515504837,1.6207190534329847,1.0,9176.602371337967,11296.669717571936,1.2310296622261578,433.95468415482003,440.0913709398912,29.29442375873499,34.69188734886529,reader-bound,10,clustered
20000,768,num AND tag,0.035,700,700,0.5453309277072549,0.6251799641177058,0.7935279281809926,0.8170399814844131,0.872278318254906,1.0,,,,,,,,,10,clustered
20000,768,num AND tag,0.05,1000,1000,0.35849097184836864,0.7980960654094815,0.5470989271998405,0.9249410359188914,0.44918273298896244,1.0,,,,,,,,,10,clustered
20000,768,num AND tag,0.07,1400,1400,0.33981003798544407,1.0231920750811696,0.4767810460180044,1.0637219529598951,0.33210776965653005,1.0,,,,,,,,,10,clustered
20000,768,num AND tag,0.1,2000,2000,0.2725491067394614,1.2965059140697122,0.48204802442342043,1.3414229033514857,0.2102181746968928,1.0,12225.434948730694,3018.184162088964,0.24687744646682916,212.32563712517728,411.75096228366874,39.31956243058839,10.913880928000857,reader-bound,10,clustered
20000,768,num AND tag AND text,0.001,20,20,6.471674074418843,0.10076607577502728,7.437120075337589,0.10468496475368738,64.22473064116991,1.0,,,,,,,,,10,clustered
20000,768,num AND tag AND text,0.002,40,40,3.56094294693321,0.11911895126104355,4.884424968622625,0.12484507169574499,29.894008545538416,1.0,,,,,,,,,10,clustered
20000,768,num AND tag AND text,0.004,80,80,2.1299170330166817,0.15212304424494505,2.6985889999195933,0.16126898117363453,14.001278002214693,1.0,,,,,,,,,10,clustered
20000,768,num AND tag AND text,0.005,100,100,,,,,,,2698.439134914783,12761.9976289523,4.729399845942912,411.6347145707168,192.4216761498259,10.414854224078377,42.43144653560263,reader-bound,10,clustered
20000,768,num AND tag AND text,0.007,140,140,1.2614330044016242,0.19964296370744705,1.7779560294002295,0.20585802849382162,6.318444592167564,0.99,,,,,,,,,10,clustered
20000,768,num AND tag AND text,0.01,200,200,0.9216479957103729,0.22577005438506603,1.154063967987895,0.2416429342702031,4.082241988295047,1.0,,,,,,,,,10,clustered
20000,768,num AND tag AND text,0.02,400,400,0.5534490337595344,0.361702055670321,0.7148049771785736,0.3845030441880226,1.5301241037567785,1.0,9109.93679867821,10327.675487607066,1.1336714749882284,435.72067926346733,441.55742357921815,31.264695664690706,35.76168109977919,reader-bound,10,clustered
20000,768,num AND tag AND text,0.035,700,700,0.5273680435493588,0.64959900919348,0.790613004937768,0.6855879910290241,0.8118362806681633,1.0,,,,,,,,,10,clustered
20000,768,num AND tag AND text,0.05,1000,1000,0.3551290137693286,0.8185768965631723,0.5199559964239597,0.8336590835824609,0.43383708392009585,1.0,,,,,,,,,10,clustered
20000,768,num AND tag AND text,0.07,1400,1400,0.2801879309117794,1.0550320148468018,0.3937630681321025,1.115732011385262,0.26557291813790573,1.0,,,,,,,,,10,clustered
20000,768,num AND tag AND text,0.1,2000,2000,0.2233490813523531,1.3415149878710508,0.32792799174785614,1.3904300285503268,0.16649018711807478,1.0,12041.013940515433,2836.8456359101165,0.2355985675230172,211.4101244364869,412.2082048332413,40.40939441443339,9.920775086239262,reader-bound,10,clustered
20000,768,num AND NOT tag,0.001,20,20,6.670571048744023,0.1009930856525898,7.608406012877822,0.10725099127739668,66.04977960263923,1.0,,,,,,,,,10,clustered
20000,768,num AND NOT tag,0.002,40,40,3.580296994186938,0.1213990617543459,5.023196921683848,0.12477394193410873,29.491965938186247,1.0,,,,,,,,,10,clustered
20000,768,num AND NOT tag,0.004,80,80,2.1977699361741543,0.15107099898159504,2.8749030316248536,0.16188598237931728,14.547927471121762,1.0,,,,,,,,,10,clustered
20000,768,num AND NOT tag,0.005,100,100,,,,,,,2718.218411590894,12767.862237996493,4.697143608310649,410.6339800761284,187.45156304869423,9.918695170920978,40.83590481113286,reader-bound,10,clustered
20000,768,num AND NOT tag,0.007,140,140,1.296236994676292,0.18147006630897522,1.8030559876933694,0.18898490816354752,7.142979671750867,0.99,,,,,,,,,10,clustered
20000,768,num AND NOT tag,0.01,200,200,0.981659977696836,0.21918897982686758,1.196322962641716,0.2358909696340561,4.478600970141049,1.0,,,,,,,,,10,clustered
20000,768,num AND NOT tag,0.02,400,400,0.5741270724684,0.3731020260602236,0.7935179164633155,0.3896330017596483,1.5387937678358474,1.0,8981.125357400226,10690.388980289978,1.190317310456129,437.2311526063399,439.47390596231094,28.320654202910646,33.27090587511281,reader-bound,10,clustered
20000,768,num AND NOT tag,0.035,700,700,0.5313289584591985,0.6062090396881104,0.7393240230157971,0.6284019909799099,0.8764781183938842,1.0,,,,,,,,,10,clustered
20000,768,num AND NOT tag,0.05,1000,1000,0.3444949397817254,0.7748629432171583,0.4921240033581853,0.8059560786932707,0.4445882240172884,1.0,,,,,,,,,10,clustered
20000,768,num AND NOT tag,0.07,1400,1400,0.26861904188990593,1.0039170738309622,0.3837059484794736,1.0590009624138474,0.26757094673651854,1.0,,,,,,,,,10,clustered
20000,768,num AND NOT tag,0.1,2000,2000,0.20260200835764408,1.259047887288034,0.3103570779785514,1.2948549119755626,0.16091684073593507,1.0,11955.116633518332,3031.7206990602326,0.2535918964236832,208.40231273328834,412.33386267087616,39.321191081752524,11.412369243598256,reader-bound,10,clustered
80000,768,numeric,0.001,80,80,8.681540028192103,0.11370505671948195,14.365767943672836,0.16183697152882814,76.35139789437903,1.0,,,,,,,,,10,clustered
80000,768,numeric,0.002,160,160,4.65116195846349,0.10867801029235125,7.414803956635296,0.11818902567029,42.79763630150706,1.0,,,,,,,,,10,clustered
80000,768,numeric,0.004,320,320,2.4753939360380173,0.1493199961259961,3.5119979875162244,0.15547103248536587,16.57777926774979,1.0,,,,,,,,,10,clustered
80000,768,numeric,0.005,400,400,,,,,,,2522.459443662633,12607.581625277639,4.9981305574417165,409.3421415452524,188.57071968896076,8.424717198873234,38.99760956918299,reader-bound,10,clustered
80000,768,numeric,0.007,560,560,1.7985169542953372,0.24190207477658987,2.9515549540519714,0.26096904184669256,7.434896769514559,1.0,,,,,,,,,10,clustered
80000,768,numeric,0.01,800,800,1.2676999904215336,0.3541180631145835,1.8653370207175612,0.4320669686421752,3.5798794878513114,1.0,,,,,,,,,10,clustered
80000,768,numeric,0.02,1600,1600,0.7619590032845736,0.6401250138878822,0.9605439845472574,0.7308110361918807,1.1903284307806015,0.99,9506.338294284193,7258.223331040276,0.7635141004191252,434.74561972294197,429.6129178424688,30.76966714934064,23.839791972761272,reader-bound,10,clustered
80000,768,numeric,0.035,2800,2800,0.47213793732225895,1.0291129583492875,0.7432220736518502,1.054301974363625,0.4587814520182267,0.99,,,,,,,,,10,clustered
80000,768,numeric,0.05,4000,4000,0.37876295391470194,1.443582004867494,0.4923000233247876,1.4717970043420792,0.26237716502254993,1.0,,,,,,,,,10,clustered
80000,768,numeric,0.07,5600,5600,0.3400379791855812,1.9993119640275836,0.4277919651940465,2.0460019586607814,0.1700774993116031,1.0,,,,,,,,,10,clustered
80000,768,numeric,0.1,8000,8000,0.30931795481592417,2.8007880318909883,0.39061601273715496,2.9468219727277756,0.11043961602730934,1.0,11844.820201452747,1434.1212508659266,0.121075814277876,264.97709340844324,406.2848678264064,39.82030531740984,5.44352441667536,reader-bound,10,clustered
80000,768,tag,0.001,80,80,10.064739966765046,0.148685066960752,16.464330023154616,0.15501398593187332,67.69166650354879,1.0,,,,,,,,,10,clustered
80000,768,tag,0.002,160,160,4.787377081811428,0.21088402718305588,7.571874069981277,0.2255369909107685,22.70146841256873,1.0,,,,,,,,,10,clustered
80000,768,tag,0.004,320,320,2.9379070037975907,0.33679103944450617,3.9630860555917025,0.35986793227493763,8.7232338741651,1.0,,,,,,,,,10,clustered
80000,768,tag,0.005,400,400,,,,,,,2161.3203713102303,8875.583052645314,4.106555960172059,408.5634287588047,432.5313511360191,8.429099865169515,27.80913394215507,reader-bound,10,clustered
80000,768,tag,0.007,560,560,1.9977240590378642,0.5613890243694186,3.2702400349080563,0.6121030310168862,3.558537791653144,1.0,,,,,,,,,10,clustered
80000,768,tag,0.01,800,800,1.2463469756767154,0.7739820284768939,1.9032650161534548,0.851292978040874,1.6103048001377764,1.0,,,,,,,,,10,clustered
80000,768,tag,0.02,1600,1600,0.7810040842741728,1.415515085682273,1.0690339840948582,1.4650789089500904,0.5517455039327481,0.99,8256.688712876065,2497.516799864529,0.30248406918498993,428.47398431822273,409.2256921327182,25.32117404429821,8.432529413643893,reader-bound,10,clustered
80000,768,tag,0.035,2800,2800,0.5358461057767272,2.311579999513924,0.8589940844103694,2.3408959386870265,0.2318094575525849,0.99,,,,,,,,,10,clustered
80000,768,tag,0.05,4000,4000,0.4184029530733824,3.081914968788624,0.5688749952241778,3.1832089880481362,0.1357607063500002,1.0,,,,,,,,,10,clustered
80000,768,tag,0.07,5600,5600,0.40902907494455576,4.096949007362127,0.5168080097064376,4.232043051160872,0.09983748252895984,1.0,,,,,,,,,10,clustered
80000,768,tag,0.1,8000,8000,0.37199596408754587,5.388351040892303,0.44908293057233095,5.543070030398667,0.06903706927489711,1.0,12047.727724232414,694.9092333530921,0.05767969274034753,292.12882484747394,403.06704115876937,38.425039355991515,3.445017445801448,reader-bound,10,clustered
80000,768,text,0.001,80,80,13.849676004610956,0.11491903569549322,22.815402946434915,0.11880206875503063,120.51681360526851,1.0,,,,,,,,,10,clustered
80000,768,text,0.002,160,160,5.878559080883861,0.13984902761876583,9.690574021078646,0.14858797658234835,42.035037218199705,1.0,,,,,,,,,10,clustered
80000,768,text,0.004,320,320,3.8535279454663396,0.20963407587260008,5.650927079841495,0.2230888931080699,18.38216391789389,1.0,,,,,,,,,10,clustered
80000,768,text,0.005,400,400,,,,,,,1655.7849752783402,12247.129053980127,7.396569745972821,406.7622575414474,348.4493314119209,6.440815283847523,39.54034966376408,reader-bound,10,clustered
80000,768,text,0.007,560,560,2.4267409462481737,0.39085501339286566,3.9263609796762466,0.4206500016152859,6.208800867571191,1.0,,,,,,,,,10,clustered
80000,768,text,0.01,800,800,1.6679629916325212,0.612598960287869,2.4048149352893233,0.635777018032968,2.7227649731052783,1.0,,,,,,,,,10,clustered
80000,768,text,0.02,1600,1600,0.9348919847980142,1.0582079412415624,1.2685870751738548,1.130747958086431,0.883467179145466,0.99,6188.338174194646,3598.3728076037196,0.5814764329798466,423.62122809739174,413.4406274115722,20.8094638363631,11.911854811377829,reader-bound,10,clustered
80000,768,text,0.035,2800,2800,0.6277080392464995,1.7707609804347157,1.0621750261634588,1.8396020168438554,0.3544849057450991,0.99,,,,,,,,,10,clustered
80000,768,text,0.05,4000,4000,0.5370599683374166,2.514946972951293,0.7608829764649272,2.7155070565640926,0.21354723344610968,1.0,,,,,,,,,10,clustered
80000,768,text,0.07,5600,5600,0.519301975145936,3.3906500320881605,0.7395410211756825,3.5075789783149958,0.15315705550009817,1.0,,,,,,,,,10,clustered
80000,768,text,0.1,8000,8000,0.3934419946745038,4.8659410094842315,0.7100499933585525,5.041319062002003,0.0808563017734173,1.0,11972.394554274213,719.1859496612818,0.060070351540872695,354.90511037058553,402.66537085758284,41.78245759210494,3.445791682155355,reader-bound,10,clustered
80000,768,text OR text,0.001,80,80,15.289333066903055,0.12603402137756348,24.047930957749486,0.13138900976628065,121.31115789045873,1.0,,,,,,,,,10,clustered
80000,768,text OR text,0.002,160,160,6.557408953085542,0.15055504627525806,10.087008937261999,0.16247201710939407,43.55489314583787,1.0,,,,,,,,,10,clustered
80000,768,text OR text,0.004,320,320,4.494921071454883,0.24684402160346508,6.11781794577837,0.2679940080270171,18.20956020022883,1.0,,,,,,,,,10,clustered
80000,768,text OR text,0.005,400,400,,,,,,,1394.8037451762273,11947.3764269907,8.565632597639178,406.13839126279095,383.04264201556697,5.92902760967578,39.98254381863522,reader-bound,10,clustered
80000,768,text OR text,0.007,560,560,2.7452759677544236,0.4244570154696703,4.411350004374981,0.4369410453364253,6.467736113907129,1.0,,,,,,,,,10,clustered
80000,768,text OR text,0.01,800,800,1.7944440478459,0.6113150157034397,2.6991579215973616,0.646608998067677,2.93538356125775,1.0,,,,,,,,,10,clustered
80000,768,text OR text,0.02,1600,1600,0.983942998573184,1.1192669626325369,1.3694210210815072,1.242958940565586,0.8790959006410156,0.99,5117.091253168764,3521.9444400203292,0.6882707901367524,419.59651712058275,413.49960796856016,17.379737395527094,11.913554131146991,reader-bound,10,clustered
80000,768,text OR text,0.035,2800,2800,0.653978087939322,1.830345019698143,1.1273869313299656,1.8757050856947899,0.35729771212597655,0.99,,,,,,,,,10,clustered
80000,768,text OR text,0.05,4000,4000,0.5939910188317299,2.573873964138329,0.8520139381289482,2.7490779757499695,0.23077704157537635,1.0,,,,,,,,,10,clustered
80000,768,text OR text,0.07,5600,5600,0.5001999670639634,3.4886429784819484,0.7112959865480661,3.5788790555670857,0.14337952325566455,1.0,,,,,,,,,10,clustered
80000,768,text OR text,0.1,8000,8000,0.4325190093368292,4.98541200067848,0.628896988928318,5.265099927783012,0.0867569238566374,1.0,11978.129124205878,688.4273814785602,0.057473698466595995,395.3974219656877,403.30616983615226,40.86922294290421,3.447061280650874,reader-bound,10,clustered
80000,768,text AND text,0.001,80,80,0.1906190300360322,0.10550196748226881,0.2388720167800784,0.1106469426304102,1.8067817556868653,0.11000000000000001,,,,,,,,,10,clustered
80000,768,text AND text,0.002,160,160,0.17063901759684086,0.13193802442401648,0.19672291819006205,0.13775506522506475,1.2933270627764508,0.11000000000000001,,,,,,,,,10,clustered
80000,768,text AND text,0.004,320,320,0.16048492398113012,0.17381797078996897,0.18356298096477985,0.18910993821918964,0.9232930476161773,0.12000000000000002,,,,,,,,,10,clustered
80000,768,text AND text,0.005,400,400,,,,,,,12323.602013135156,12304.85989232871,0.9984791686078088,148.6966242345606,232.6041839552706,41.85169887396573,40.90285438196496,client-bound,10,clustered
80000,768,text AND text,0.007,560,560,0.20396907348185778,0.3117130836471915,0.24984998162835836,0.37058605812489986,0.6543487719389975,0.12000000000000002,,,,,,,,,10,clustered
80000,768,text AND text,0.01,800,800,0.20277895964682102,0.4416239680722356,0.22376200649887323,0.4816490691155195,0.45916656320078364,0.13,,,,,,,,,10,clustered
80000,768,text AND text,0.02,1600,1600,0.17934991046786308,0.7436850573867559,0.19940489437431097,0.7968159625306726,0.2411637946553383,0.13,12211.604112357662,6089.948152996633,0.49870173459307005,146.2909979578181,424.2915311939473,40.88266946295926,21.83488581582887,reader-bound,10,clustered
80000,768,text AND text,0.035,2800,2800,0.2035979414358735,1.2466810876503587,0.2423559781163931,1.3221839908510447,0.16331196763367772,0.14,,,,,,,,,10,clustered
80000,768,text AND text,0.05,4000,4000,0.1962040551006794,1.713345991447568,0.21932797972112894,1.8787789158523083,0.11451513942896668,0.17,,,,,,,,,10,clustered
80000,768,text AND text,0.07,5600,5600,0.18834497313946486,2.3553509963676333,0.22392498794943094,2.5040089385583997,0.07996471584486814,0.18,,,,,,,,,10,clustered
80000,768,text AND text,0.1,8000,8000,0.1982289832085371,3.2859949860721827,0.24010695051401854,3.4528010291978717,0.06032540647467155,0.21000000000000002,12195.39539079182,1256.920000707061,0.10306512912702308,148.48369924069,405.29862390082184,41.43731141600651,5.436932759645171,reader-bound,10,clustered
80000,768,num AND tag,0.001,80,80,8.903926936909556,0.14711206313222647,15.045466949231923,0.1560520613566041,60.52479142316546,1.0,,,,,,,,,10,clustered
80000,768,num AND tag,0.002,160,160,4.219183931127191,0.21493900567293167,6.348814000375569,0.22729800548404455,19.62968014073461,1.0,,,,,,,,,10,clustered
80000,768,num AND tag,0.004,320,320,3.039979957975447,0.3570049302652478,4.407553933560848,0.5639020819216967,8.515232424708534,1.0,,,,,,,,,10,clustered
80000,768,num AND tag,0.005,400,400,,,,,,,2365.667126166793,8802.313654224052,3.7208589310225038,409.8903652503536,432.37171175440733,9.417070060165319,27.302461706650288,reader-bound,10,clustered
80000,768,num AND tag,0.007,560,560,1.7935109790414572,0.5780489882454276,2.9674250399693847,0.6021929439157248,3.102697203026622,1.0,,,,,,,,,10,clustered
80000,768,num AND tag,0.01,800,800,1.107388990931213,0.8083910215646029,1.6818459844216704,0.843974994495511,1.3698679987661337,1.0,,,,,,,,,10,clustered
80000,768,num AND tag,0.02,1600,1600,0.6485800258815289,1.4453750336542726,0.8755490416660905,1.4908229932188988,0.4487278462543766,0.99,8840.814929256372,2523.312501389349,0.28541627910783474,433.0134331934927,409.8026201627216,28.272354744592302,8.93032344180265,reader-bound,10,clustered
80000,768,num AND tag,0.035,2800,2800,0.505886971950531,2.336756093427539,0.8248459780588746,2.526819007471204,0.21649113203273998,0.99,,,,,,,,,10,clustered
80000,768,num AND tag,0.05,4000,4000,0.4395520081743598,3.0881320126354694,0.638691009953618,3.186552901752293,0.14233588667060834,1.0,,,,,,,,,10,clustered
80000,768,num AND tag,0.07,5600,5600,0.3999760374426842,4.089984926395118,0.5192700773477554,4.3366210302338,0.09779401260415403,1.0,,,,,,,,,10,clustered
80000,768,num AND tag,0.1,8000,8000,0.34828309435397387,5.2155309822410345,0.4621479893103242,5.435894010588527,0.0667780702559113,1.0,11860.85824581508,720.1849740888628,0.060719465586983885,284.1987748903651,402.398434975881,38.4852507664036,3.443507389769153,reader-bound,10,clustered
80000,768,num AND tag AND text,0.001,80,80,9.496223996393383,0.15260698273777962,15.259687905199826,0.16237306408584118,62.22666765327825,1.0,,,,,,,,,10,clustered
80000,768,num AND tag AND text,0.002,160,160,4.429270979017019,0.2268210519105196,6.759384996257722,0.2343449741601944,19.527600907010857,1.0,,,,,,,,,10,clustered
80000,768,num AND tag AND text,0.004,320,320,2.662066021002829,0.37291005719453096,3.720093984156847,0.4403629573062062,7.138627584973245,1.0,,,,,,,,,10,clustered
80000,768,num AND tag AND text,0.005,400,400,,,,,,,2379.886254373949,8515.349639767188,3.578049003021461,411.5219981521621,433.06805586591554,9.420383090230217,28.30834768848301,reader-bound,10,clustered
80000,768,num AND tag AND text,0.007,560,560,1.8891639774665236,0.6388700567185879,2.8542049694806337,0.6826919270679355,2.95703947555437,1.0,,,,,,,,,10,clustered
80000,768,num AND tag AND text,0.01,800,800,1.5644809463992715,0.8635090198367834,2.033428056165576,1.0776609415188432,1.8117714007144738,1.0,,,,,,,,,10,clustered
80000,768,num AND tag AND text,0.02,1600,1600,0.8048819145187736,1.4955669175833464,1.0194809874519706,1.5419389819726348,0.5381784693521868,0.99,8836.257511477788,2405.2746134107874,0.27220512873085406,433.6996161639573,410.1365165547878,29.773429027273952,8.430859469687297,reader-bound,10,clustered
80000,768,num AND tag AND text,0.035,2800,2800,0.5151450168341398,2.420553006231785,0.8292979327961802,2.5332700461149216,0.21282120883446215,0.99,,,,,,,,,10,clustered
80000,768,num AND tag AND text,0.05,4000,4000,0.43348304461687803,3.2884590327739716,0.5810660077258945,3.40392196085304,0.13181950582221924,1.0,,,,,,,,,10,clustered
80000,768,num AND tag AND text,0.07,5600,5600,0.4012429853901267,4.250386962667108,0.5332600558176637,4.371255985461175,0.0944015189474296,1.0,,,,,,,,,10,clustered
80000,768,num AND tag AND text,0.1,8000,8000,0.35698607098311186,5.6002120254561305,0.4434129223227501,5.760332918725908,0.06374509917846115,1.0,11742.28499048981,679.0352413603513,0.05782820310615085,288.62339157296384,403.084780430165,40.45661215210775,3.449380761627329,reader-bound,10,clustered
80000,768,num AND NOT tag,0.001,80,80,8.700779057107866,0.15437090769410133,14.385862043127418,0.15859201084822416,56.36281594164864,1.0,,,,,,,,,10,clustered
80000,768,num AND NOT tag,0.002,160,160,4.355458891950548,0.2146720653399825,6.903973058797419,0.2297350438311696,20.28889452874401,1.0,,,,,,,,,10,clustered
80000,768,num AND NOT tag,0.004,320,320,2.812393009662628,0.34989207051694393,3.7516659358516335,0.3834549570456147,8.037887241935753,1.0,,,,,,,,,10,clustered
80000,768,num AND NOT tag,0.005,400,400,,,,,,,2418.287679214435,8428.070786136122,3.4851398609754844,410.1479308458729,430.9611453529399,8.916259366214629,26.81094683071285,reader-bound,10,clustered
80000,768,num AND NOT tag,0.007,560,560,1.8018430564552546,0.6044360343366861,2.991433022543788,0.6432590307667851,2.981031828177839,1.0,,,,,,,,,10,clustered
80000,768,num AND NOT tag,0.01,800,800,1.2180210324004292,0.8420359808951616,1.7524330178275704,0.8781549986451864,1.4465189849791942,1.0,,,,,,,,,10,clustered
80000,768,num AND NOT tag,0.02,1600,1600,0.6997720338404179,1.4364300295710564,0.9857550030574203,1.4846289996057749,0.48716054345465215,0.99,9044.2969036985,2492.1048135758674,0.27554433916878235,434.5593207806374,410.143419070098,29.79835342495799,8.431001359361144,reader-bound,10,clustered
80000,768,num AND NOT tag,0.035,2800,2800,0.5245809443295002,2.36548506654799,0.7969220168888569,2.4229950504377484,0.22176464005119845,0.99,,,,,,,,,10,clustered
80000,768,num AND NOT tag,0.05,4000,4000,0.4242249997332692,3.101640962995589,0.5764910019934177,3.1568779377266765,0.13677437356371172,1.0,,,,,,,,,10,clustered
80000,768,num AND NOT tag,0.07,5600,5600,0.3777759848162532,4.108335007913411,0.4908100236207247,4.169289022684097,0.09195354908706008,1.0,,,,,,,,,10,clustered
80000,768,num AND NOT tag,0.1,8000,8000,0.3545949002727866,5.4109669290483,0.4468701081350446,5.682043032720685,0.06553263121405808,1.0,11713.060450560508,718.6014089695442,0.061350439708108634,286.3083234870313,403.10585886716206,39.35509601196307,3.445349221086856,reader-bound,10,clustered
320000,768,numeric,0.001,320,320,11.128527927212417,0.15237601473927498,16.437559970654547,0.16556703485548496,73.03333104133242,1.0,,,,,,,,,10,clustered
320000,768,numeric,0.002,640,640,6.251550978049636,0.3188439877703786,9.726744028739631,0.3420900320634246,19.60692758162279,1.0,,,,,,,,,10,clustered
320000,768,numeric,0.004,1280,1280,3.485815948806703,0.5689479876309633,4.42709494382143,0.73209498077631,6.1267743705734095,0.99,,,,,,,,,10,clustered
320000,768,numeric,0.005,1600,1600,,,,,,,1881.5339801381922,6746.170656004158,3.5854630993742007,407.5006488562454,423.96274488391714,6.931967295245972,20.8506267975697,reader-bound,10,clustered
320000,768,numeric,0.007,2240,2240,1.8959689186885953,0.9404299780726433,2.8186810668557882,0.9721940150484443,2.0160660154350607,1.0,,,,,,,,,10,clustered
320000,768,numeric,0.01,3200,3200,1.5144089702516794,1.2820980045944452,2.053955919109285,1.3893339782953262,1.1811959497828866,1.0,,,,,,,,,10,clustered
320000,768,numeric,0.02,6400,6400,1.1217000428587198,2.4529509246349335,1.2963170884177089,2.8521260246634483,0.45728596996927673,1.0,5206.25829806604,1724.2045340435543,0.33117921457797084,418.14746048682076,406.5398973146922,17.36080796801747,5.942117865744587,reader-bound,10,clustered
320000,768,numeric,0.035,11200,11200,0.9935989510267973,4.584098933264613,1.134895021095872,4.84638602938503,0.2167490199255354,1.0,,,,,,,,,10,clustered
320000,768,numeric,0.05,16000,16000,0.8936550002545118,6.888005067594349,0.9618360782042146,7.791321957483888,0.12974075824346376,1.0,,,,,,,,,10,clustered
320000,768,numeric,0.07,22400,22400,0.7687989855185151,12.239795993082225,0.8724980289116502,13.05903890170157,0.06281142152639066,0.99,,,,,,,,,10,clustered
320000,768,numeric,0.1,32000,32000,0.6655489560216665,20.27809398714453,0.8001809474080801,21.482251933775842,0.032821080543546,0.9800000000000001,11500.603753567637,167.7381190758593,0.014585157672598253,436.22468114422463,400.76067654203877,35.1155922463038,1.4295862421238006,reader-bound,10,clustered
320000,768,tag,0.001,320,320,12.491830042563379,0.3662899835035205,18.713961937464774,0.37583301309496164,34.10366268572375,1.0,,,,,,,,,10,clustered
320000,768,tag,0.002,640,640,6.733285961672664,0.7159700617194176,10.711619979701936,0.7684440352022648,9.404423902170619,1.0,,,,,,,,,10,clustered
320000,768,tag,0.004,1280,1280,3.789694979786873,1.410166034474969,4.809872945770621,1.5124629717320204,2.6874104801409766,0.99,,,,,,,,,10,clustered
320000,768,tag,0.005,1600,1600,,,,,,,1689.241109080952,2174.1671755915727,1.2870674079051092,406.4674532694788,408.5550177166376,6.93123550033216,7.437287943870831,reader-bound,10,clustered
320000,768,tag,0.007,2240,2240,1.9907590467482805,2.305131987668574,3.079541027545929,2.3471079766750336,0.8636204162702839,1.0,,,,,,,,,10,clustered
320000,768,tag,0.01,3200,3200,1.6687819734215736,3.1924020731821656,2.297254977747798,3.3687029499560595,0.522735524901518,1.0,,,,,,,,,10,clustered
320000,768,tag,0.02,6400,6400,1.3120250077918172,5.893843015655875,1.5242170775309205,6.186023936606944,0.22260942551518115,1.0,5026.809659723829,630.4020305143009,0.12540797706450954,416.6275396317728,402.55180402864806,15.87152531930563,3.4448198388759623,reader-bound,10,clustered
320000,768,tag,0.035,11200,11200,1.0803990298882127,11.470785946585238,1.2129880487918854,12.719293008558452,0.0941870099328145,1.0,,,,,,,,,10,clustered
320000,768,tag,0.05,16000,16000,0.9426819160580635,14.901701011694968,1.0706669418141246,15.877451980486512,0.06326002080690249,1.0,,,,,,,,,10,clustered
320000,768,tag,0.07,22400,22400,0.8502249838784337,23.041347041726112,0.9392240317538381,25.389214977622032,0.036899968666707784,0.99,,,,,,,,,10,clustered
320000,768,tag,0.1,32000,32000,0.7086070254445076,37.629880011081696,0.8599760476499796,41.40993591863662,0.018830966913416375,0.9800000000000001,9966.38366273897,88.53743172171365,0.008883606603739928,432.34984412021345,400.26297257524703,30.27938058706431,1.3833973706517755,reader-bound,10,clustered
320000,768,text,0.001,320,320,16.40329393558204,0.23006403353065252,24.371973937377334,0.2736740279942751,71.29881921937421,1.0,,,,,,,,,10,clustered
320000,768,text,0.002,640,640,8.579003042541444,0.5086399614810944,13.810978969559073,0.5647200159728527,16.86655334268367,1.0,,,,,,,,,10,clustered
320000,768,text,0.004,1280,1280,4.8545110039412975,0.9710850426927209,6.332344957627356,1.0583930416032672,4.999058569041727,0.99,,,,,,,,,10,clustered
320000,768,text,0.005,1600,1600,,,,,,,1236.7570307673266,3183.667001122716,2.574205702430864,405.16160327937615,411.78800232692134,5.441730935376237,10.914862712279843,reader-bound,10,clustered
320000,768,text,0.007,2240,2240,2.5060989428311586,1.665400923229754,3.8920550141483545,1.7561030108481646,1.5048021817899666,1.0,,,,,,,,,10,clustered
320000,768,text,0.01,3200,3200,2.0379379857331514,2.380009973421693,2.735742018558085,2.506930031813681,0.8562728763708702,1.0,,,,,,,,,10,clustered
320000,768,text,0.02,6400,6400,1.6014300053939223,4.404050996527076,1.9224470015615225,4.632721072994173,0.3636265807677454,1.0,3595.023802919884,803.8875956973243,0.2236112025306774,412.84469344780456,405.147519106806,11.908981541763591,5.914562322727095,reader-bound,10,clustered
320000,768,text,0.035,11200,11200,1.253496971912682,8.652002085000277,1.4427880523726344,8.99341597687453,0.14487941167811705,1.0,,,,,,,,,10,clustered
320000,768,text,0.05,16000,16000,1.101418980397284,13.683223980478942,1.224016072228551,14.872114057652652,0.08049411322716155,1.0,,,,,,,,,10,clustered
320000,768,text,0.07,22400,22400,0.9253800380975008,21.567043964751065,1.077283057384193,27.359738014638424,0.042907133662356864,0.99,,,,,,,,,10,clustered
320000,768,text,0.1,32000,32000,0.8062580600380898,35.07367300335318,0.9994420688599348,37.497776094824076,0.022987557076243722,0.9800000000000001,8515.251012163737,98.59763335493189,0.011578946200656755,428.0637023026461,400.90169788656266,27.7127945999401,1.8603327048100355,reader-bound,10,clustered
320000,768,text OR text,0.001,320,320,17.934388015419245,0.28647598810493946,26.590222027152777,0.31708995811641216,62.60345983639533,1.0,,,,,,,,,10,clustered
320000,768,text OR text,0.002,640,640,9.908510954119265,0.5859270459040999,14.852968975901604,0.6213230080902576,16.910827078873254,1.0,,,,,,,,,10,clustered
320000,768,text OR text,0.004,1280,1280,5.584427970461547,1.127057010307908,7.190471980720758,1.3107690028846264,4.95487621246054,0.99,,,,,,,,,10,clustered
320000,768,text OR text,0.005,1600,1600,,,,,,,1061.7136909725866,2961.6392901875042,2.7894895915625653,405.3096958089017,411.8901827841201,4.942801168401242,10.421317877670507,reader-bound,10,clustered
320000,768,text OR text,0.007,2240,2240,2.7098009595647454,1.773396972566843,4.3289290042594075,1.828277949243784,1.5280284118465233,1.0,,,,,,,,,10,clustered
320000,768,text OR text,0.01,3200,3200,2.301872009411454,2.434744965285063,3.1163239618763328,2.4880790151655674,0.9454263350913011,1.0,,,,,,,,,10,clustered
320000,768,text OR text,0.02,6400,6400,1.6604659613221884,4.5401620445773005,1.9826089264824986,4.777200985699892,0.36572834736271653,1.0,3189.4203149361206,783.2816417613959,0.24558746242797538,412.6901558362134,403.47883057986263,11.904523726044618,3.9460032330548915,reader-bound,10,clustered
320000,768,text OR text,0.035,11200,11200,1.4236189890652895,9.317326941527426,1.54887605458498,12.565847020596266,0.15279264085069338,1.0,,,,,,,,,10,clustered
320000,768,text OR text,0.05,16000,16000,1.1587099870666862,14.198776916600764,1.3104249956086278,16.094347927719355,0.08160632383145332,1.0,,,,,,,,,10,clustered
320000,768,text OR text,0.07,22400,22400,0.9660900104790926,23.506203899160028,1.1167960474267602,25.994675001129508,0.04109936315636294,0.99,,,,,,,,,10,clustered
320000,768,text OR text,0.1,32000,32000,0.8456310024484992,35.42109299451113,1.0001029586419463,40.15459003858268,0.023873656371347397,0.9800000000000001,8029.79964012724,95.68747450698014,0.011916545716633083,431.29339806357444,400.69129949797946,25.80812048251539,0.9200718702594245,reader-bound,10,clustered
320000,768,text AND text,0.001,320,320,0.26488490402698517,0.17952697817236185,0.30454795341938734,0.18744496628642082,1.4754601604928264,0.11000000000000001,,,,,,,,,10,clustered
320000,768,text AND text,0.002,640,640,0.2326710382476449,0.35227800253778696,0.25886506773531437,0.37066591903567314,0.6604756373418108,0.11000000000000001,,,,,,,,,10,clustered
320000,768,text AND text,0.004,1280,1280,0.2300409832969308,0.6576130399480462,0.26281201280653477,0.6823299918323755,0.34981207689419425,0.11000000000000001,,,,,,,,,10,clustered
320000,768,text AND text,0.005,1600,1600,,,,,,,12182.681800125514,5546.693459460126,0.45529330491115516,196.383728112883,421.5129562371686,40.85175296583782,19.36278597555898,reader-bound,10,clustered
320000,768,text AND text,0.007,2240,2240,0.2663680352270603,1.0842899791896343,0.3147290553897619,1.1228380026295781,0.2456612532988046,0.11000000000000001,,,,,,,,,10,clustered
320000,768,text AND text,0.01,3200,3200,0.24778000079095364,1.4997159596532583,0.27156202122569084,1.5882200095802546,0.1652179529037229,0.11000000000000001,,,,,,,,,10,clustered
320000,768,text AND text,0.02,6400,6400,0.25191192980855703,2.8923259815201163,0.2916859230026603,3.11866810079664,0.08709665902740325,0.12000000000000002,11967.296347663434,1459.7885825254482,0.12198148521745816,190.67658967210463,405.77174158334486,40.40175801837875,5.938123047561145,reader-bound,10,clustered
320000,768,text AND text,0.035,11200,11200,0.26637292467057705,5.2841720171272755,0.3009249921888113,5.609770072624087,0.050409586176831146,0.13,,,,,,,,,10,clustered
320000,768,text AND text,0.05,16000,16000,0.2876049838960171,8.81170597858727,0.3474550321698189,9.59745398722589,0.032638967368510304,0.13,,,,,,,,,10,clustered
320000,768,text AND text,0.07,22400,22400,0.27047505136579275,14.000547933392227,0.31071703415364027,14.630189980380237,0.019318890421473577,0.14,,,,,,,,,10,clustered
320000,768,text AND text,0.1,32000,32000,0.2712450223043561,21.927305031567812,0.3149519907310605,24.421346955932677,0.01237019423562796,0.2,12302.539289292688,146.33599644073846,0.011894779849888354,198.20538611316368,400.52352272578736,42.40214727794049,0.9502337431216782,reader-bound,10,clustered
320000,768,num AND tag,0.001,320,320,11.520561994984746,0.3723020199686289,16.411019954830408,0.38962496910244226,30.9441297040384,1.0,,,,,,,,,10,clustered
320000,768,num AND tag,0.002,640,640,5.997503991238773,0.7664160802960396,9.71966702491045,0.8393239695578814,7.825389035316363,1.0,,,,,,,,,10,clustered
320000,768,num AND tag,0.004,1280,1280,3.4273980418220162,1.4278868911787868,4.315304919146001,1.4981459826231003,2.4003288096528013,0.99,,,,,,,,,10,clustered
320000,768,num AND tag,0.005,1600,1600,,,,,,,1849.9886340781534,2075.292259530261,1.121786491712354,406.8686494985706,408.51429093476713,6.938076848940303,7.436546558278527,reader-bound,10,clustered
320000,768,num AND tag,0.007,2240,2240,1.8025089520961046,2.2735330276191235,2.6725069619715214,2.3393259616568685,0.7928228577280524,1.0,,,,,,,,,10,clustered
320000,768,num AND tag,0.01,3200,3200,1.4636859996244311,3.0762850074097514,2.2979259956628084,3.1478420132771134,0.4757966170556033,1.0,,,,,,,,,10,clustered
320000,768,num AND tag,0.02,6400,6400,1.24654290266335,5.720968940295279,1.377250999212265,5.958645022474229,0.2178901713455224,1.0,5075.252540711135,632.6979616072322,0.12466334562310857,417.8450696757773,402.9390595305778,16.89266631269492,3.443923585731435,reader-bound,10,clustered
320000,768,num AND tag,0.035,11200,11200,1.0219789110124111,10.187496081925929,1.1518900282680988,11.284281965345144,0.10031698690177143,1.0,,,,,,,,,10,clustered
320000,768,num AND tag,0.05,16000,16000,0.9188300464302301,15.226148068904877,1.017053029499948,16.278892988339067,0.06034553468626001,1.0,,,,,,,,,10,clustered
320000,768,num AND tag,0.07,22400,22400,0.7778700673952699,24.20636103488505,0.8778679184615612,24.928417056798935,0.032134944458369466,0.99,,,,,,,,,10,clustered
320000,768,num AND tag,0.1,32000,32000,0.6850380450487137,36.37187194544822,0.8138190023601055,37.343145930208266,0.018834280679206096,0.9800000000000001,9709.700667981857,95.89855499661017,0.009876571716864523,431.81768097075303,400.65309755795306,29.74633852841008,1.3831522355280312,reader-bound,10,clustered
320000,768,num AND tag AND text,0.001,320,320,11.663964949548244,0.39048492908477783,16.568760969676077,0.41594693902879953,29.87046126693379,1.0,,,,,,,,,10,clustered
320000,768,num AND tag AND text,0.002,640,640,6.337426952086389,0.7915850728750229,9.467215044423938,0.8824759861454368,8.00599603156862,1.0,,,,,,,,,10,clustered
320000,768,num AND tag AND text,0.004,1280,1280,3.580029937438667,1.4905530260875821,4.537569009698927,1.5673890011385083,2.401813202738291,0.99,,,,,,,,,10,clustered
320000,768,num AND tag AND text,0.005,1600,1600,,,,,,,1904.5882307042123,2031.4037640246147,1.066584226068389,407.52550041554684,412.721789129879,7.418546730865537,11.89114398453433,reader-bound,10,clustered
320000,768,num AND tag AND text,0.007,2240,2240,1.8989540403708816,2.3386689135804772,2.9390680138021708,2.5638319784775376,0.8119807080616653,1.0,,,,,,,,,10,clustered
320000,768,num AND tag AND text,0.01,3200,3200,1.5282219974324107,3.205501940101385,1.976963016204536,3.356707049533725,0.4767496716548783,1.0,,,,,,,,,10,clustered
320000,768,num AND tag AND text,0.02,6400,6400,1.2486609630286694,5.907195038162172,1.4612569939345121,6.476104957982898,0.21137967427213117,1.0,5334.890170519414,617.1189271426692,0.11567603219891319,420.02714021471866,402.554451676797,18.348293020005418,2.9527221394386087,reader-bound,10,clustered
320000,768,num AND tag AND text,0.035,11200,11200,1.0333709651604295,11.058903066441417,1.1511220363900065,13.917602016590536,0.09344244713530636,1.0,,,,,,,,,10,clustered
320000,768,num AND tag AND text,0.05,16000,16000,0.9337239898741245,15.468845027498901,1.0134950280189514,15.88789711240679,0.060361584088162196,1.0,,,,,,,,,10,clustered
320000,768,num AND tag AND text,0.07,22400,22400,0.7873909780755639,26.650481042452157,0.9022819576784968,30.34512500744313,0.02954509439515598,0.99,,,,,,,,,10,clustered
320000,768,num AND tag AND text,0.1,32000,32000,0.6787930615246296,37.14428306557238,0.8098050020635128,40.003595990128815,0.018274496248220147,0.9800000000000001,11046.01805359406,89.36747225282782,0.00809046950848955,442.8512552093407,400.7857556644677,38.63802897799617,1.3678694732575687,reader-bound,10,clustered
320000,768,num AND NOT tag,0.001,320,320,11.276263976469636,0.4154769703745842,16.4947280427441,0.6070859963074327,27.14052710623942,1.0,,,,,,,,,10,clustered
320000,768,num AND NOT tag,0.002,640,640,6.346320966258645,0.8396670455113053,10.062529938295484,0.9277780773118138,7.558139860537373,1.0,,,,,,,,,10,clustered
320000,768,num AND NOT tag,0.004,1280,1280,3.557496005669236,1.587888109497726,4.478516057133675,1.7190939979627728,2.2403946376262796,0.99,,,,,,,,,10,clustered
320000,768,num AND NOT tag,0.005,1600,1600,,,,,,,1903.7979478589812,2034.3532008068598,1.0685762126672642,407.21361257873605,408.55643126123624,6.935511649759494,6.941492764147219,reader-bound,10,clustered
320000,768,num AND NOT tag,0.007,2240,2240,1.9844009075313807,2.3279549786821008,3.0219359323382378,2.438434981741011,0.8524223731572281,1.0,,,,,,,,,10,clustered
320000,768,num AND NOT tag,0.01,3200,3200,1.5080119483172894,3.149052965454757,2.0305420039221644,3.2320929458364844,0.4788779245253235,1.0,,,,,,,,,10,clustered
320000,768,num AND NOT tag,0.02,6400,6400,1.210144953802228,5.878650001250207,1.3829509261995554,6.462231976911426,0.2058542273387372,1.0,5193.1651511139835,636.1959756120112,0.1225064016066466,419.64469280781447,402.9733209793018,16.8851118999594,2.4601545847332225,reader-bound,10,clustered
320000,768,num AND NOT tag,0.035,11200,11200,1.0175040224567056,11.068738996982574,1.1189049109816551,12.304392061196268,0.09192592062511233,1.0,,,,,,,,,10,clustered
320000,768,num AND NOT tag,0.05,16000,16000,0.9163509821519256,15.673628076910973,0.9884570026770234,16.140213003382087,0.058464509790289984,1.0,,,,,,,,,10,clustered
320000,768,num AND NOT tag,0.07,22400,22400,0.7942609954625368,23.248415905982256,0.8782809600234032,25.031941942870617,0.03416409095030679,0.99,,,,,,,,,10,clustered
320000,768,num AND NOT tag,0.1,32000,32000,0.6737799849361181,36.08307091053575,0.7965139811858535,38.343438995070755,0.0186730222216032,0.9800000000000001,10746.49395024567,95.15987723789064,0.008854969600175065,438.0862647921223,400.23124838289294,34.690088841005156,0.9329399729204965,reader-bound,10,clustered
1280000,768,numeric,0.001,1280,1280,15.600266051478684,0.6044249748811126,25.525243021547794,0.7560040103271604,25.810095048681898,1.0,,,,,,,,,10,clustered
1280000,768,numeric,0.002,2560,2560,7.274089963175356,1.19920598808676,11.52547390665859,1.7299550818279386,6.065755204225257,1.0,,,,,,,,,10,clustered
1280000,768,numeric,0.004,5120,5120,5.421706009656191,2.134712995029986,6.529471953399479,2.3891309974715114,2.539782173190937,1.0,,,,,,,,,10,clustered
1280000,768,numeric,0.005,6400,6400,,,,,,,859.407343324834,1567.1122474953163,1.8234801688248876,404.34007385082447,406.01328371126675,3.9399763590823333,5.941657810408782,reader-bound,10,clustered
1280000,768,numeric,0.007,8960,8960,4.5897020027041435,4.580611013807356,5.694283056072891,5.767866037786007,1.0019846673008,1.0,,,,,,,,,10,clustered
1280000,768,numeric,0.01,12800,12800,3.711343975737691,6.146973930299282,4.733119043521583,7.4614150216802955,0.603767645319588,1.0,,,,,,,,,10,clustered
1280000,768,numeric,0.02,25600,25600,2.66309198923409,17.551218974404037,3.6619590828195214,18.898566951975226,0.15173259436383488,0.99,1860.7988962436564,215.3283020633077,0.11571820173474147,407.79209853850347,400.856705180354,6.928506528566807,1.4419305941739353,reader-bound,10,clustered
1280000,768,numeric,0.035,44800,44800,2.125891041941941,34.92820099927485,3.00791603513062,36.80025599896908,0.060864601700673815,0.99,,,,,,,,,10,clustered
1280000,768,numeric,0.05,64000,64000,1.6265170415863395,54.00806700345129,2.6358480099588633,56.12667300738394,0.03011618692967478,0.93,,,,,,,,,10,clustered
1280000,768,numeric,0.07,89600,89600,1.368907978758216,76.54077804181725,1.8987569492310286,80.71947703137994,0.017884688577509984,0.9,,,,,,,,,10,clustered
1280000,768,numeric,0.1,128000,100000,0.985141028650105,110.18040997441858,1.3835480203852057,112.22424707375467,0.008941163214756895,0.77,5911.1747450392795,34.5744142134704,0.005848992070905299,420.4538972999891,400.0753644701575,19.359742614757465,0.8232003384159619,reader-bound,10,clustered
1280000,768,tag,0.001,1280,1280,17.445347039029002,1.557126990519464,27.766658109612763,1.6979490173980594,11.20354803766465,1.0,,,,,,,,,10,clustered
1280000,768,tag,0.002,2560,2560,8.094710065051913,2.987495972774923,13.518787105567753,3.0366680584847927,2.709530034121913,1.0,,,,,,,,,10,clustered
1280000,768,tag,0.004,5120,5120,6.143225007690489,5.789724993519485,7.214374025352299,6.0752410208806396,1.0610564430204683,1.0,,,,,,,,,10,clustered
1280000,768,tag,0.005,6400,6400,,,,,,,794.9185071343876,523.983505904551,0.6591663185619695,403.1266824773274,404.27191841324907,3.9425592418320528,4.415591341892283,reader-bound,10,clustered
1280000,768,tag,0.007,8960,8960,4.879129002802074,9.865056024864316,6.033031968399882,10.200941003859043,0.4945870546000454,1.0,,,,,,,,,10,clustered
1280000,768,tag,0.01,12800,12800,4.21062798704952,14.36924992594868,5.202417960390449,15.1653119828552,0.29303046496851354,1.0,,,,,,,,,10,clustered
1280000,768,tag,0.02,25600,25600,2.903104992583394,37.7294949721545,3.988281940110028,42.90550108999014,0.07694523859187548,0.99,1756.6009022776993,96.5105289391392,0.05494163689316035,409.41093264147275,400.42589651190934,7.930478114120539,1.3919787827760461,reader-bound,10,clustered
1280000,768,tag,0.035,44800,44800,2.244911971502006,71.03272504173219,3.2102669356390834,74.14763106498867,0.03160391172073302,0.99,,,,,,,,,10,clustered
1280000,768,tag,0.05,64000,64000,1.7285801004618406,104.21480098739266,2.8462510090321302,108.92846598289907,0.016586704422829102,0.93,,,,,,,,,10,clustered
1280000,768,tag,0.07,89600,89600,1.507321954704821,142.2361839795485,2.0587940234690905,145.67330805584788,0.010597317170162214,0.9,,,,,,,,,10,clustered
1280000,768,tag,0.1,128000,100000,1.1020320234820247,200.46732504852116,1.461168983951211,207.2105669649318,0.005497314952525498,0.77,5792.3489669445125,18.295619346047435,0.0031585837542689433,421.71277275399024,400.0407537779987,19.84530695312895,0.7036776671556705,reader-bound,10,clustered
1280000,768,text,0.001,1280,1280,21.327170077711344,1.1420570081099868,35.275022964924574,1.31880899425596,18.6743480634177,1.0,,,,,,,,,10,clustered
1280000,768,text,0.002,2560,2560,10.294408071786165,2.109672990627587,16.12781302537769,2.1705629769712687,4.879622632284721,1.0,,,,,,,,,10,clustered
1280000,768,text,0.004,5120,5120,7.618698058649898,4.138257005251944,9.00063302833587,5.140729947015643,1.8410403338847385,1.0,,,,,,,,,10,clustered
1280000,768,text,0.005,6400,6400,,,,,,,623.1522781694276,702.1129528964789,1.1267116842756415,402.81114113714375,402.54475966064786,2.9509973709680866,3.9416867531030393,reader-bound,10,clustered
1280000,768,text,0.007,8960,8960,6.045583984814584,8.982044993899763,7.589695975184441,13.10588710475713,0.6730743376280677,1.0,,,,,,,,,10,clustered
1280000,768,text,0.01,12800,12800,4.862488014623523,14.332866994664073,6.238820962607861,17.592763993889093,0.33925438758580256,1.0,,,,,,,,,10,clustered
1280000,768,text,0.02,25600,25600,3.336173016577959,35.414246027357876,4.751964006572962,39.83739693649113,0.09420426497293576,0.99,1361.524345292415,100.78202305727706,0.0740214623453039,406.18149981288985,400.79517502870834,5.442139461561252,0.9331668801599728,reader-bound,10,clustered
1280000,768,text,0.035,44800,44800,2.5475299917161465,68.75403097365052,3.8212259532883763,74.47759201750159,0.03705280920463367,0.99,,,,,,,,,10,clustered
1280000,768,text,0.05,64000,64000,2.0229769870638847,101.21923999395221,3.3599890302866697,105.51957006100565,0.019986091450447132,0.93,,,,,,,,,10,clustered
1280000,768,text,0.07,89600,89600,1.6779780853539705,147.6403420092538,2.365636988542974,152.29164506308734,0.011365308847962424,0.9,,,,,,,,,10,clustered
1280000,768,text,0.1,128000,100000,1.300091971643269,201.71255199238658,1.7072060145437717,208.22920999489725,0.006445270553576357,0.77,5076.710815586165,20.18810950240649,0.00397661206945772,419.50133377374425,399.79666853872857,17.375794890036747,0.7210039108002319,reader-bound,10,clustered
1280000,768,text OR text,0.001,1280,1280,23.00482301507145,1.6409880481660366,39.047741098329425,1.8190739210695028,14.018885171516986,1.0,,,,,,,,,10,clustered
1280000,768,text OR text,0.002,2560,2560,11.300644022412598,2.6627660263329744,17.52562401816249,2.7479479322209954,4.243949303339757,1.0,,,,,,,,,10,clustered
1280000,768,text OR text,0.004,5120,5120,8.270757971331477,4.60476300213486,9.765535010956228,6.176237016916275,1.796131085898881,1.0,,,,,,,,,10,clustered
1280000,768,text OR text,0.005,6400,6400,,,,,,,564.6634316641868,614.5678556859306,1.088379061266044,401.5819722156402,402.173204760873,3.4281387872066853,3.441579991841212,reader-bound,10,clustered
1280000,768,text OR text,0.007,8960,8960,6.7780830431729555,9.573900955729187,8.328264928422868,12.445028056390584,0.7079750536918636,1.0,,,,,,,,,10,clustered
1280000,768,text OR text,0.01,12800,12800,5.39014907553792,14.562019030563533,6.790292100049555,16.59451797604561,0.37015121764535475,1.0,,,,,,,,,10,clustered
1280000,768,text OR text,0.02,25600,25600,3.5394439473748207,37.47291397303343,5.0202569691464305,41.527918889187276,0.09445339505547673,0.99,1322.681543069509,95.84345500739542,0.07246147457760262,406.59843994133746,400.42289616070485,5.935743648778648,0.9215716827634175,reader-bound,10,clustered
1280000,768,text OR text,0.035,44800,44800,2.58908502291888,73.67910398170352,3.9910440100356936,77.25560804829001,0.035140017766255936,0.99,,,,,,,,,10,clustered
1280000,768,text OR text,0.05,64000,64000,2.1077250130474567,108.89438504818827,3.541208105161786,112.29368904605508,0.01935568130638453,0.93,,,,,,,,,10,clustered
1280000,768,text OR text,0.07,89600,89600,1.736780977807939,154.5827960362658,2.524023992009461,157.52076311036944,0.011235279878108058,0.9,,,,,,,,,10,clustered
1280000,768,text OR text,0.1,128000,100000,1.290000043809414,217.00651699211448,1.7213770188391209,220.1125790597871,0.005944522135509366,0.77,4577.310477785814,18.314162744394988,0.004001075049043672,417.42768508109623,400.09401687755206,15.883098599994149,0.3521954373922114,reader-bound,10,clustered
1280000,768,text AND text,0.001,1280,1280,0.3477080026641488,0.7223050342872739,0.4087049746885896,0.7595340721309185,0.4813866526726422,0.06000000000000001,,,,,,,,,10,clustered
1280000,768,text AND text,0.002,2560,2560,0.3050310770049691,1.325643970631063,0.36637892480939627,1.4163859887048602,0.23010030125944098,0.06000000000000001,,,,,,,,,10,clustered
1280000,768,text AND text,0.004,5120,5120,0.31394208781421185,2.55167402792722,0.368633889593184,2.717861905694008,0.12303377483887855,0.06000000000000001,,,,,,,,,10,clustered
1280000,768,text AND text,0.005,6400,6400,,,,,,,11748.17088856906,1330.7590984031092,0.1132737266954411,239.00431547634201,405.6589073199068,40.901769452652346,5.44176582990119,reader-bound,10,clustered
1280000,768,text AND text,0.007,8960,8960,0.3261290257796645,4.502351977862418,0.37502904888242483,4.882042994722724,0.07243525770157598,0.06999999999999999,,,,,,,,,10,clustered
1280000,768,text AND text,0.01,12800,12800,0.3206069814041257,6.728167994879186,0.3615409368649125,7.103299023583531,0.04765145306242946,0.06999999999999999,,,,,,,,,10,clustered
1280000,768,text AND text,0.02,25600,25600,0.32707792706787586,18.28386401757598,0.3637199988588691,19.769503036513925,0.017888884250805037,0.08,11999.603662234267,173.30959854618374,0.014442943569180713,244.25671672623616,400.5377388622913,41.85850992284289,1.444246654551531,reader-bound,10,clustered
1280000,768,text AND text,0.035,44800,44800,0.33166399225592613,40.65683507360518,0.36538008134812117,43.355855043046176,0.008157644136723414,0.1,,,,,,,,,10,clustered
1280000,768,text AND text,0.05,64000,64000,0.3318249946460128,56.082307011820376,0.37834898103028536,59.81854198034853,0.0059167500826254275,0.12000000000000002,,,,,,,,,10,clustered
1280000,768,text AND text,0.07,89600,89600,0.3365760203450918,82.73717202246189,0.38576300721615553,83.84990901686251,0.004068014558845649,0.13,,,,,,,,,10,clustered
1280000,768,text AND text,0.1,128000,100000,0.3400370478630066,119.35965693555772,0.38049393333494663,123.86766809504479,0.002848844044907004,0.16999999999999998,11964.402942822564,31.654258684400432,0.002645703160924532,245.8236102618053,399.8432675924265,41.464223417653905,0.8330068074842218,reader-bound,10,clustered
1280000,768,num AND tag,0.001,1280,1280,15.817348030395806,1.5816939994692802,25.018809945322573,1.7071319743990898,10.000257973857863,1.0,,,,,,,,,10,clustered
1280000,768,num AND tag,0.002,2560,2560,7.283048005774617,2.94273195322603,11.833396973088384,3.203189931809902,2.4749274217077186,1.0,,,,,,,,,10,clustered
1280000,768,num AND tag,0.004,5120,5120,5.78112609218806,5.567911081016064,6.716325995512307,6.069311988539994,1.0382935373912414,1.0,,,,,,,,,10,clustered
1280000,768,num AND tag,0.005,6400,6400,,,,,,,867.4267759323761,527.7106645314341,0.6083633560472128,404.10837854870084,402.04189232673906,4.4407514126230865,2.4544682071229498,reader-bound,10,clustered
1280000,768,num AND tag,0.007,8960,8960,4.4869250850752,10.900457040406764,5.6385049829259515,12.57991895545274,0.4116272435589329,1.0,,,,,,,,,10,clustered
1280000,768,num AND tag,0.01,12800,12800,3.712200094014406,18.231800058856606,4.7493280144408345,19.12251894827932,0.20361127711090168,1.0,,,,,,,,,10,clustered
1280000,768,num AND tag,0.02,25600,25600,2.738452982157469,38.05385599844158,3.7389639765024185,39.621628005988896,0.07196256227672741,0.99,1737.034790951863,97.23116575987112,0.0559753703646835,407.8987368892377,400.61110123177673,7.920363823091995,0.934915055383376,reader-bound,10,clustered
1280000,768,num AND tag,0.035,44800,44800,2.189537975937128,70.59967110399157,3.1179620418697596,73.38109205011278,0.03101343025680662,0.99,,,,,,,,,10,clustered
1280000,768,num AND tag,0.05,64000,64000,1.6915240557864308,101.20894201099873,2.684172010049224,104.31649792008102,0.016713187809063425,0.93,,,,,,,,,10,clustered
1280000,768,num AND tag,0.07,89600,89600,1.417093095369637,139.58996802102774,1.98706507217139,143.66618206258863,0.0101518262054202,0.9,,,,,,,,,10,clustered
1280000,768,num AND tag,0.1,128000,100000,1.027922029606998,188.9499380486086,1.4229610096663237,195.69824798963964,0.005440181882158428,0.77,5956.695526304977,20.293820537070232,0.0034068923696791297,422.7524156700345,400.0781763022417,20.319869920834016,0.7247793048953655,reader-bound,10,clustered
1280000,768,num AND tag AND text,0.001,1280,1280,15.826676040887833,1.6646960284560919,24.92626605089754,1.7214360414072871,9.507246830862057,1.0,,,,,,,,,10,clustered
1280000,768,num AND tag AND text,0.002,2560,2560,7.3781529208645225,3.083075978793204,11.847043060697615,3.163300105370581,2.393114205298477,1.0,,,,,,,,,10,clustered
1280000,768,num AND tag AND text,0.004,5120,5120,5.531076923944056,6.503138924017549,6.608352996408939,7.936298963613808,0.8505241835625793,1.0,,,,,,,,,10,clustered
1280000,768,num AND tag AND text,0.005,6400,6400,,,,,,,856.6558436797555,523.3955133234095,0.6109752442418066,404.4361401156293,401.7440725509582,3.9409124493605776,2.9431800186883383,reader-bound,10,clustered
1280000,768,num AND tag AND text,0.007,8960,8960,4.599198931828141,11.347642983309925,5.727178999222815,14.171345974318683,0.40529993220553623,1.0,,,,,,,,,10,clustered
1280000,768,num AND tag AND text,0.01,12800,12800,3.773735952563584,16.87415095511824,4.82575804926455,19.237636937759817,0.223640049363132,1.0,,,,,,,,,10,clustered
1280000,768,num AND tag AND text,0.02,25600,25600,2.738152979873121,39.90003000944853,3.7357810651883483,44.67474203556776,0.06862533635249679,0.99,1626.6508242351301,92.09957130518202,0.056619140342235585,407.90177585177094,400.6331351775418,6.938790840734864,1.8419914261036407,reader-bound,10,clustered
1280000,768,num AND tag AND text,0.035,44800,44800,2.090762951411307,70.4740840010345,3.0178800225257874,75.51578001584858,0.029667117792983536,0.99,,,,,,,,,10,clustered
1280000,768,num AND tag AND text,0.05,64000,64000,1.7172329826280475,100.05870298482478,2.670729998499155,102.85704396665096,0.017162255070290972,0.93,,,,,,,,,10,clustered
1280000,768,num AND tag AND text,0.07,89600,89600,1.3866029912605882,139.32879897765815,1.958281034603715,143.70747900102288,0.009952019980326786,0.9,,,,,,,,,10,clustered
1280000,768,num AND tag AND text,0.1,128000,100000,0.9981569601222873,193.35901399608701,1.3812779216095805,196.94998301565647,0.005162195128604073,0.77,5708.410323301919,19.435544869589307,0.0034047210639804176,422.1287091701367,400.2974722178875,20.337575882462517,0.3737604782613328,reader-bound,10,clustered
1280000,768,num AND NOT tag,0.001,1280,1280,15.746281947940588,1.6228919848799706,25.04064899403602,1.9171510357409716,9.70260626994543,1.0,,,,,,,,,10,clustered
1280000,768,num AND NOT tag,0.002,2560,2560,7.2904599364846945,3.071511979214847,11.436648899689317,3.1291779596358538,2.3735736620334826,1.0,,,,,,,,,10,clustered
1280000,768,num AND NOT tag,0.004,5120,5120,5.4466730216518044,5.784900044091046,6.463811965659261,6.247638026252389,0.9415327801930266,1.0,,,,,,,,,10,clustered
1280000,768,num AND NOT tag,0.005,6400,6400,,,,,,,856.0726843440266,513.3920077754035,0.5997060964149262,403.6404884730902,402.08352089382123,3.94276423416938,2.451728785937935,reader-bound,10,clustered
1280000,768,num AND NOT tag,0.007,8960,8960,4.451327957212925,10.976269957609475,5.56449790019542,12.821585056371987,0.4055410421212327,1.0,,,,,,,,,10,clustered
1280000,768,num AND NOT tag,0.01,12800,12800,3.7083859788253903,14.739200007170439,4.748130915686488,17.49067904893309,0.2516002209768038,1.0,,,,,,,,,10,clustered
1280000,768,num AND NOT tag,0.02,25600,25600,2.824704977683723,37.6779519720003,3.829863970167935,39.012238034047186,0.07496970588483291,0.99,1767.9494489726633,97.37824989284964,0.05507977049311852,407.9120820029442,400.2807868191656,7.43460659786654,0.936329325892785,reader-bound,10,clustered
1280000,768,num AND NOT tag,0.035,44800,44800,2.1021519787609577,70.97703590989113,3.0714920721948147,74.59769793786108,0.029617353723107625,0.99,,,,,,,,,10,clustered
1280000,768,num AND NOT tag,0.05,64000,64000,1.7088899621739984,103.42045489232987,2.787114935927093,109.52009097672999,0.016523713456425122,0.93,,,,,,,,,10,clustered
1280000,768,num AND NOT tag,0.07,89600,89600,1.4077720697969198,142.80059991870075,1.9343630410730839,147.11811498273164,0.009858306411866566,0.9,,,,,,,,,10,clustered
1280000,768,num AND NOT tag,0.1,128000,100000,1.0799249866977334,191.34787900839,1.6160120721906424,199.66261798981577,0.00564377819233827,0.77,5784.54574748112,20.360996890343706,0.003519895559510425,431.5124482747565,400.3117424333647,27.743624688158853,0.7271784603694181,reader-bound,10,clustered
